52,EMPRESA X,28778772000178,Sim
52,EMPRESA X,28778772000178,Sim
,,,"Erro ao carregar página, situação fiscal não baixada!"
,,,"Erro ao carregar página, situação fiscal não baixada!"
,,,"Erro ao carregar página, situação fiscal não baixada!"
,,,"Erro ao carregar página, situação fiscal não baixada!"
,,,"Erro ao carregar página, situação fiscal não baixada!"
,,,"Erro ao carregar página, situação fiscal não baixada!"
,,,"Erro ao carregar página, situação fiscal não baixada!"
,,,"Erro ao carregar página, situação fiscal não baixada!"
,,,"Erro ao carregar página, situação fiscal não baixada!"
,,,"Erro ao carregar página, situação fiscal não baixada!"
,,,"Erro ao carregar página, situação fiscal não baixada!"
,,,"Erro ao carregar página, situação fiscal não baixada!"
,,,"Erro ao carregar página, situação fiscal não baixada!"
,,,"Erro ao carregar página, situação fiscal não baixada!"
,,,"Erro ao carregar página, situação fiscal não baixada!"
,,,"Erro ao carregar página, situação fiscal não baixada!"
,,,"Erro ao carregar página, situação fiscal não baixada!"
,,,"Erro ao carregar página, situação fiscal não baixada!"
,,,"Erro ao carregar página, situação fiscal não baixada!"
,,,"Erro ao carregar página, situação fiscal não baixada!"
,,,"Erro ao carregar página, situação fiscal não baixada!"
,,,"Erro ao carregar página, situação fiscal não baixada!"
,,,"Erro ao carregar página, situação fiscal não baixada!"
,,,"Erro ao carregar página, situação fiscal não baixada!"
,,,"Erro ao carregar página, situação fiscal não baixada!"
,,,"Erro ao carregar página, situação fiscal não baixada!"
,,,"Erro ao carregar página, situação fiscal não baixada!"
,,,"Erro ao carregar página, situação fiscal não baixada!"
,,,"Erro ao carregar página, situação fiscal não baixada!"
,,,"Erro ao carregar página, situação fiscal não baixada!"
52,EMPRESA X,28778772000178,Sim
52,EMPRESA X,28778772000178,Sim
52,EMPRESA X,28778772000178,Sim
85,EMPRESA y,46072122000194,"Existe mensagem não lida na caixa de entrada, situação fiscal não baixada!"
85,EMPRESA z,27249386000126,Sim
